,fecha,valor,temperatura
0,2020-05-01 00:00:00,True,
1,2020-05-01 01:00:00,False,285.6820068359375
2,2020-05-01 02:00:00,False,285.8745930989583
3,2020-05-01 03:00:00,False,287.3079020182292
4,2020-05-01 04:00:00,True,
5,2020-05-01 05:00:00,True,
6,2020-05-01 06:00:00,True,
7,2020-05-01 07:00:00,True,
8,2020-05-01 08:00:00,True,
9,2020-05-01 09:00:00,True,
10,2020-05-01 10:00:00,True,
11,2020-05-01 11:00:00,True,
12,2020-05-01 12:00:00,True,
13,2020-05-01 13:00:00,True,
14,2020-05-01 14:00:00,True,
15,2020-05-01 15:00:00,True,
16,2020-05-01 16:00:00,True,
17,2020-05-01 17:00:00,True,
18,2020-05-01 18:00:00,True,
19,2020-05-01 19:00:00,True,
20,2020-05-01 20:00:00,True,
21,2020-05-01 21:00:00,True,
22,2020-05-01 22:00:00,True,
23,2020-05-01 23:00:00,False,289.84917534722223
24,2020-05-02 00:00:00,False,288.01220703125
25,2020-05-02 01:00:00,False,287.4775119357639
26,2020-05-02 02:00:00,False,287.11778428819446
27,2020-05-02 03:00:00,False,286.8153889973958
28,2020-05-02 04:00:00,True,
29,2020-05-02 05:00:00,False,286.1181335449219
30,2020-05-02 06:00:00,False,285.9152560763889
31,2020-05-02 07:00:00,False,285.9469401041667
32,2020-05-02 08:00:00,False,285.7741427951389
33,2020-05-02 09:00:00,True,
34,2020-05-02 10:00:00,True,
35,2020-05-02 11:00:00,True,
36,2020-05-02 12:00:00,True,
37,2020-05-02 13:00:00,True,
38,2020-05-02 14:00:00,True,
39,2020-05-02 15:00:00,True,
40,2020-05-02 16:00:00,True,
41,2020-05-02 17:00:00,True,
42,2020-05-02 18:00:00,True,
43,2020-05-02 19:00:00,True,
44,2020-05-02 20:00:00,True,
45,2020-05-02 21:00:00,True,
46,2020-05-02 22:00:00,True,
47,2020-05-02 23:00:00,True,
48,2020-05-03 00:00:00,False,284.24466378348217
49,2020-05-03 01:00:00,False,287.9927571614583
50,2020-05-03 02:00:00,False,288.3913845486111
51,2020-05-03 03:00:00,False,287.43446180555554
52,2020-05-03 04:00:00,False,287.6841634114583
53,2020-05-03 05:00:00,False,285.50535365513394
54,2020-05-03 06:00:00,False,285.28748914930554
55,2020-05-03 07:00:00,True,
56,2020-05-03 08:00:00,True,
57,2020-05-03 09:00:00,True,
58,2020-05-03 10:00:00,True,
59,2020-05-03 11:00:00,True,
60,2020-05-03 12:00:00,True,
61,2020-05-03 13:00:00,True,
62,2020-05-03 14:00:00,True,
63,2020-05-03 15:00:00,True,
64,2020-05-03 16:00:00,True,
65,2020-05-03 17:00:00,True,
66,2020-05-03 18:00:00,True,
67,2020-05-03 19:00:00,True,
68,2020-05-03 20:00:00,True,
69,2020-05-03 21:00:00,True,
70,2020-05-03 22:00:00,True,
71,2020-05-03 23:00:00,True,
72,2020-05-04 00:00:00,True,
73,2020-05-04 01:00:00,True,
74,2020-05-04 02:00:00,True,
75,2020-05-04 03:00:00,True,
76,2020-05-04 04:00:00,True,
77,2020-05-04 05:00:00,True,
78,2020-05-04 06:00:00,True,
79,2020-05-04 07:00:00,True,
80,2020-05-04 08:00:00,True,
81,2020-05-04 09:00:00,True,
82,2020-05-04 10:00:00,True,
83,2020-05-04 11:00:00,False,287.236572265625
84,2020-05-04 12:00:00,False,287.2695719401042
85,2020-05-04 13:00:00,False,292.28526475694446
86,2020-05-04 14:00:00,False,298.743017578125
87,2020-05-04 15:00:00,False,302.356982421875
88,2020-05-04 16:00:00,False,303.66201171875
89,2020-05-04 17:00:00,False,307.772509765625
90,2020-05-04 18:00:00,True,
91,2020-05-04 19:00:00,True,
92,2020-05-04 20:00:00,True,
93,2020-05-04 21:00:00,True,
94,2020-05-04 22:00:00,True,
95,2020-05-04 23:00:00,True,
96,2020-05-05 00:00:00,True,
97,2020-05-05 01:00:00,True,
98,2020-05-05 02:00:00,True,
99,2020-05-05 03:00:00,True,
100,2020-05-05 04:00:00,True,
101,2020-05-05 05:00:00,True,
102,2020-05-05 06:00:00,True,
103,2020-05-05 07:00:00,True,
104,2020-05-05 08:00:00,True,
105,2020-05-05 09:00:00,True,
106,2020-05-05 10:00:00,True,
107,2020-05-05 11:00:00,True,
108,2020-05-05 12:00:00,True,
109,2020-05-05 13:00:00,True,
110,2020-05-05 14:00:00,True,
111,2020-05-05 15:00:00,True,
112,2020-05-05 16:00:00,True,
113,2020-05-05 17:00:00,True,
114,2020-05-05 18:00:00,True,
115,2020-05-05 19:00:00,True,
116,2020-05-05 20:00:00,True,
117,2020-05-05 21:00:00,True,
118,2020-05-05 22:00:00,True,
119,2020-05-05 23:00:00,True,
120,2020-05-06 00:00:00,True,
121,2020-05-06 01:00:00,True,
122,2020-05-06 02:00:00,True,
123,2020-05-06 03:00:00,True,
124,2020-05-06 04:00:00,True,
125,2020-05-06 05:00:00,True,
126,2020-05-06 06:00:00,True,
127,2020-05-06 07:00:00,True,
128,2020-05-06 08:00:00,True,
129,2020-05-06 09:00:00,True,
130,2020-05-06 10:00:00,True,
131,2020-05-06 11:00:00,True,
132,2020-05-06 12:00:00,True,
133,2020-05-06 13:00:00,True,
134,2020-05-06 14:00:00,True,
135,2020-05-06 15:00:00,True,
136,2020-05-06 16:00:00,True,
137,2020-05-06 17:00:00,True,
138,2020-05-06 18:00:00,True,
139,2020-05-06 19:00:00,True,
140,2020-05-06 20:00:00,True,
141,2020-05-06 21:00:00,True,
142,2020-05-06 22:00:00,True,
143,2020-05-06 23:00:00,True,
144,2020-05-07 00:00:00,True,
145,2020-05-07 01:00:00,True,
146,2020-05-07 02:00:00,True,
147,2020-05-07 03:00:00,True,
148,2020-05-07 04:00:00,True,
149,2020-05-07 05:00:00,True,
150,2020-05-07 06:00:00,True,
151,2020-05-07 07:00:00,True,
152,2020-05-07 08:00:00,True,
153,2020-05-07 09:00:00,True,
154,2020-05-07 10:00:00,True,
155,2020-05-07 11:00:00,True,
156,2020-05-07 12:00:00,True,
157,2020-05-07 13:00:00,True,
158,2020-05-07 14:00:00,True,
159,2020-05-07 15:00:00,True,
160,2020-05-07 16:00:00,True,
161,2020-05-07 17:00:00,True,
162,2020-05-07 18:00:00,True,
163,2020-05-07 19:00:00,True,
164,2020-05-07 20:00:00,True,
165,2020-05-07 21:00:00,True,
166,2020-05-07 22:00:00,True,
167,2020-05-07 23:00:00,True,
168,2020-05-08 00:00:00,True,
169,2020-05-08 01:00:00,True,
170,2020-05-08 02:00:00,True,
171,2020-05-08 03:00:00,True,
172,2020-05-08 04:00:00,False,287.61195203993054
173,2020-05-08 05:00:00,False,286.19224717881946
174,2020-05-08 06:00:00,False,285.623046875
175,2020-05-08 07:00:00,False,283.9160970052083
176,2020-05-08 08:00:00,False,283.43834092881946
177,2020-05-08 09:00:00,True,
178,2020-05-08 10:00:00,True,
179,2020-05-08 11:00:00,True,
180,2020-05-08 12:00:00,True,
181,2020-05-08 13:00:00,True,
182,2020-05-08 14:00:00,True,
183,2020-05-08 15:00:00,True,
184,2020-05-08 16:00:00,True,
185,2020-05-08 17:00:00,True,
186,2020-05-08 18:00:00,True,
187,2020-05-08 19:00:00,True,
188,2020-05-08 20:00:00,True,
189,2020-05-08 21:00:00,True,
190,2020-05-08 22:00:00,True,
191,2020-05-08 23:00:00,True,
192,2020-05-09 00:00:00,True,
193,2020-05-09 01:00:00,True,
194,2020-05-09 02:00:00,False,285.02035086495533
195,2020-05-09 03:00:00,True,
196,2020-05-09 04:00:00,True,
197,2020-05-09 05:00:00,True,
198,2020-05-09 06:00:00,True,
199,2020-05-09 07:00:00,True,
200,2020-05-09 08:00:00,True,
201,2020-05-09 09:00:00,True,
202,2020-05-09 10:00:00,True,
203,2020-05-09 11:00:00,True,
204,2020-05-09 12:00:00,True,
205,2020-05-09 13:00:00,False,292.7218933105469
206,2020-05-09 14:00:00,True,
207,2020-05-09 15:00:00,True,
208,2020-05-09 16:00:00,True,
209,2020-05-09 17:00:00,True,
210,2020-05-09 18:00:00,True,
211,2020-05-09 19:00:00,True,
212,2020-05-09 20:00:00,True,
213,2020-05-09 21:00:00,True,
214,2020-05-09 22:00:00,False,295.1354166666667
215,2020-05-09 23:00:00,False,289.35791015625
216,2020-05-10 00:00:00,False,287.2830078125
217,2020-05-10 01:00:00,False,285.26540120442706
218,2020-05-10 02:00:00,True,
219,2020-05-10 03:00:00,True,
220,2020-05-10 04:00:00,True,
221,2020-05-10 05:00:00,False,286.7422146267361
222,2020-05-10 06:00:00,False,286.431640625
223,2020-05-10 07:00:00,False,285.7810872395833
224,2020-05-10 08:00:00,False,284.26593017578125
225,2020-05-10 09:00:00,False,283.9697265625
226,2020-05-10 10:00:00,False,282.9308268229167
227,2020-05-10 11:00:00,True,
228,2020-05-10 12:00:00,True,
229,2020-05-10 13:00:00,True,
230,2020-05-10 14:00:00,True,
231,2020-05-10 15:00:00,True,
232,2020-05-10 16:00:00,True,
233,2020-05-10 17:00:00,True,
234,2020-05-10 18:00:00,True,
235,2020-05-10 19:00:00,True,
236,2020-05-10 20:00:00,True,
237,2020-05-10 21:00:00,True,
238,2020-05-10 22:00:00,True,
239,2020-05-10 23:00:00,False,289.05458577473956
240,2020-05-11 00:00:00,False,286.4903259277344
241,2020-05-11 01:00:00,False,284.03936767578125
242,2020-05-11 02:00:00,True,
243,2020-05-11 03:00:00,True,
244,2020-05-11 04:00:00,True,
245,2020-05-11 05:00:00,True,
246,2020-05-11 06:00:00,True,
247,2020-05-11 07:00:00,True,
248,2020-05-11 08:00:00,True,
249,2020-05-11 09:00:00,True,
250,2020-05-11 10:00:00,True,
251,2020-05-11 11:00:00,True,
252,2020-05-11 12:00:00,True,
253,2020-05-11 13:00:00,True,
254,2020-05-11 14:00:00,True,
255,2020-05-11 15:00:00,True,
256,2020-05-11 16:00:00,True,
257,2020-05-11 17:00:00,True,
258,2020-05-11 18:00:00,True,
259,2020-05-11 19:00:00,True,
260,2020-05-11 20:00:00,True,
261,2020-05-11 21:00:00,True,
262,2020-05-11 22:00:00,True,
263,2020-05-11 23:00:00,False,284.50048828125
264,2020-05-12 00:00:00,True,
265,2020-05-12 01:00:00,True,
266,2020-05-12 02:00:00,True,
267,2020-05-12 03:00:00,True,
268,2020-05-12 04:00:00,True,
269,2020-05-12 05:00:00,True,
270,2020-05-12 06:00:00,True,
271,2020-05-12 07:00:00,True,
272,2020-05-12 08:00:00,True,
273,2020-05-12 09:00:00,True,
274,2020-05-12 10:00:00,True,
275,2020-05-12 11:00:00,True,
276,2020-05-12 12:00:00,True,
277,2020-05-12 13:00:00,True,
278,2020-05-12 14:00:00,True,
279,2020-05-12 15:00:00,True,
280,2020-05-12 16:00:00,True,
281,2020-05-12 17:00:00,True,
282,2020-05-12 18:00:00,True,
283,2020-05-12 19:00:00,True,
284,2020-05-12 20:00:00,True,
285,2020-05-12 21:00:00,True,
286,2020-05-12 22:00:00,True,
287,2020-05-12 23:00:00,True,
288,2020-05-13 00:00:00,True,
289,2020-05-13 01:00:00,True,
290,2020-05-13 02:00:00,True,
291,2020-05-13 03:00:00,True,
292,2020-05-13 04:00:00,True,
293,2020-05-13 05:00:00,True,
294,2020-05-13 06:00:00,True,
295,2020-05-13 07:00:00,True,
296,2020-05-13 08:00:00,True,
297,2020-05-13 09:00:00,True,
298,2020-05-13 10:00:00,True,
299,2020-05-13 11:00:00,True,
300,2020-05-13 12:00:00,True,
301,2020-05-13 13:00:00,True,
302,2020-05-13 14:00:00,True,
303,2020-05-13 15:00:00,True,
304,2020-05-13 16:00:00,True,
305,2020-05-13 17:00:00,True,
306,2020-05-13 18:00:00,True,
307,2020-05-13 19:00:00,True,
308,2020-05-13 20:00:00,True,
309,2020-05-13 21:00:00,True,
310,2020-05-13 22:00:00,True,
311,2020-05-13 23:00:00,True,
312,2020-05-14 00:00:00,True,
313,2020-05-14 01:00:00,True,
314,2020-05-14 02:00:00,True,
315,2020-05-14 03:00:00,False,283.77035086495533
316,2020-05-14 04:00:00,False,287.93499755859375
317,2020-05-14 05:00:00,False,286.6400146484375
318,2020-05-14 06:00:00,False,286.38466099330356
319,2020-05-14 07:00:00,False,287.1566569010417
320,2020-05-14 08:00:00,False,286.7838541666667
321,2020-05-14 09:00:00,False,285.23974609375
322,2020-05-14 10:00:00,False,285.3153076171875
323,2020-05-14 11:00:00,False,286.2836100260417
324,2020-05-14 12:00:00,False,287.29779730902777
325,2020-05-14 13:00:00,False,290.00030517578125
326,2020-05-14 14:00:00,False,293.1996765136719
327,2020-05-14 15:00:00,False,298.11083984375
328,2020-05-14 16:00:00,True,
329,2020-05-14 17:00:00,True,
330,2020-05-14 18:00:00,True,
331,2020-05-14 19:00:00,True,
332,2020-05-14 20:00:00,True,
333,2020-05-14 21:00:00,True,
334,2020-05-14 22:00:00,True,
335,2020-05-14 23:00:00,False,288.01654052734375
336,2020-05-15 00:00:00,True,
337,2020-05-15 01:00:00,True,
338,2020-05-15 02:00:00,False,284.36201171875
339,2020-05-15 03:00:00,False,269.97125244140625
340,2020-05-15 04:00:00,True,
341,2020-05-15 05:00:00,False,286.30892508370533
342,2020-05-15 06:00:00,True,
343,2020-05-15 07:00:00,False,280.3353271484375
344,2020-05-15 08:00:00,True,
345,2020-05-15 09:00:00,False,284.6741536458333
346,2020-05-15 10:00:00,True,
347,2020-05-15 11:00:00,True,
348,2020-05-15 12:00:00,True,
349,2020-05-15 13:00:00,True,
350,2020-05-15 14:00:00,True,
351,2020-05-15 15:00:00,True,
352,2020-05-15 16:00:00,True,
353,2020-05-15 17:00:00,False,300.3396911621094
354,2020-05-15 18:00:00,True,
355,2020-05-15 19:00:00,False,299.0656433105469
356,2020-05-15 20:00:00,True,
357,2020-05-15 21:00:00,True,
358,2020-05-15 22:00:00,False,291.22943793402777
359,2020-05-15 23:00:00,False,290.67138671875
360,2020-05-16 00:00:00,False,289.44666883680554
361,2020-05-16 01:00:00,True,
362,2020-05-16 02:00:00,True,
363,2020-05-16 03:00:00,True,
364,2020-05-16 04:00:00,True,
365,2020-05-16 05:00:00,True,
366,2020-05-16 06:00:00,True,
367,2020-05-16 07:00:00,True,
368,2020-05-16 08:00:00,True,
369,2020-05-16 09:00:00,True,
370,2020-05-16 10:00:00,True,
371,2020-05-16 11:00:00,True,
372,2020-05-16 12:00:00,True,
373,2020-05-16 13:00:00,True,
374,2020-05-16 14:00:00,True,
375,2020-05-16 15:00:00,True,
376,2020-05-16 16:00:00,True,
377,2020-05-16 17:00:00,True,
378,2020-05-16 18:00:00,True,
379,2020-05-16 19:00:00,True,
380,2020-05-16 20:00:00,True,
381,2020-05-16 21:00:00,True,
382,2020-05-16 22:00:00,True,
383,2020-05-16 23:00:00,True,
384,2020-05-17 00:00:00,True,
385,2020-05-17 01:00:00,True,
386,2020-05-17 02:00:00,True,
387,2020-05-17 03:00:00,True,
388,2020-05-17 04:00:00,True,
389,2020-05-17 05:00:00,True,
390,2020-05-17 06:00:00,True,
391,2020-05-17 07:00:00,True,
392,2020-05-17 08:00:00,True,
393,2020-05-17 09:00:00,True,
394,2020-05-17 10:00:00,True,
395,2020-05-17 11:00:00,True,
396,2020-05-17 12:00:00,True,
397,2020-05-17 13:00:00,True,
398,2020-05-17 14:00:00,True,
399,2020-05-17 15:00:00,True,
400,2020-05-17 16:00:00,True,
401,2020-05-17 17:00:00,True,
402,2020-05-17 18:00:00,True,
403,2020-05-17 19:00:00,True,
404,2020-05-17 20:00:00,True,
405,2020-05-17 21:00:00,True,
406,2020-05-17 22:00:00,True,
407,2020-05-17 23:00:00,True,
408,2020-05-18 00:00:00,True,
409,2020-05-18 01:00:00,True,
410,2020-05-18 02:00:00,True,
411,2020-05-18 03:00:00,False,282.41676548549106
412,2020-05-18 04:00:00,False,282.7522243923611
413,2020-05-18 05:00:00,False,283.43447265625
414,2020-05-18 06:00:00,True,
415,2020-05-18 07:00:00,True,
416,2020-05-18 08:00:00,True,
417,2020-05-18 09:00:00,True,
418,2020-05-18 10:00:00,True,
419,2020-05-18 11:00:00,True,
420,2020-05-18 12:00:00,True,
421,2020-05-18 13:00:00,True,
422,2020-05-18 14:00:00,True,
423,2020-05-18 15:00:00,False,301.10791015625
424,2020-05-18 16:00:00,True,
425,2020-05-18 17:00:00,True,
426,2020-05-18 18:00:00,False,305.05
427,2020-05-18 19:00:00,False,304.4050048828125
428,2020-05-18 20:00:00,True,
429,2020-05-18 21:00:00,False,295.28875732421875
430,2020-05-18 22:00:00,True,
431,2020-05-18 23:00:00,True,
432,2020-05-19 00:00:00,True,
433,2020-05-19 01:00:00,True,
434,2020-05-19 02:00:00,True,
435,2020-05-19 03:00:00,True,
436,2020-05-19 04:00:00,True,
437,2020-05-19 05:00:00,True,
438,2020-05-19 06:00:00,True,
439,2020-05-19 07:00:00,True,
440,2020-05-19 08:00:00,True,
441,2020-05-19 09:00:00,True,
442,2020-05-19 10:00:00,True,
443,2020-05-19 11:00:00,True,
444,2020-05-19 12:00:00,True,
445,2020-05-19 13:00:00,True,
446,2020-05-19 14:00:00,True,
447,2020-05-19 15:00:00,True,
448,2020-05-19 16:00:00,True,
449,2020-05-19 17:00:00,True,
450,2020-05-19 18:00:00,True,
451,2020-05-19 19:00:00,True,
452,2020-05-19 20:00:00,True,
453,2020-05-19 21:00:00,True,
454,2020-05-19 22:00:00,True,
455,2020-05-19 23:00:00,True,
456,2020-05-20 00:00:00,True,
457,2020-05-20 01:00:00,True,
458,2020-05-20 02:00:00,False,284.59581163194446
459,2020-05-20 03:00:00,True,
460,2020-05-20 04:00:00,True,
461,2020-05-20 05:00:00,True,
462,2020-05-20 06:00:00,True,
463,2020-05-20 07:00:00,True,
464,2020-05-20 08:00:00,False,287.2074951171875
465,2020-05-20 09:00:00,False,285.80775282118054
466,2020-05-20 10:00:00,False,285.236083984375
467,2020-05-20 11:00:00,False,285.31610785590277
468,2020-05-20 12:00:00,False,286.9309387207031
469,2020-05-20 13:00:00,False,290.5477701822917
470,2020-05-20 14:00:00,False,296.1988932291667
471,2020-05-20 15:00:00,False,301.0124918619792
472,2020-05-20 16:00:00,False,304.27626546223956
473,2020-05-20 17:00:00,False,304.6992885044643
474,2020-05-20 18:00:00,False,307.29150390625
475,2020-05-20 19:00:00,False,304.5130126953125
476,2020-05-20 20:00:00,False,302.1199951171875
477,2020-05-20 21:00:00,False,298.26248604910717
478,2020-05-20 22:00:00,False,292.71497938368054
479,2020-05-20 23:00:00,False,291.5144314236111
480,2020-05-21 00:00:00,False,289.22138129340277
481,2020-05-21 01:00:00,False,287.41029188368054
482,2020-05-21 02:00:00,False,287.92218017578125
483,2020-05-21 03:00:00,False,287.2119411892361
484,2020-05-21 04:00:00,False,288.2030436197917
485,2020-05-21 05:00:00,False,288.12890625
486,2020-05-21 06:00:00,False,287.85723198784723
487,2020-05-21 07:00:00,True,
488,2020-05-21 08:00:00,True,
489,2020-05-21 09:00:00,True,
490,2020-05-21 10:00:00,True,
491,2020-05-21 11:00:00,True,
492,2020-05-21 12:00:00,True,
493,2020-05-21 13:00:00,False,291.5920817057292
494,2020-05-21 14:00:00,True,
495,2020-05-21 15:00:00,True,
496,2020-05-21 16:00:00,True,
497,2020-05-21 17:00:00,True,
498,2020-05-21 18:00:00,True,
499,2020-05-21 19:00:00,True,
500,2020-05-21 20:00:00,True,
501,2020-05-21 21:00:00,True,
502,2020-05-21 22:00:00,True,
503,2020-05-21 23:00:00,False,287.43321010044644
504,2020-05-22 00:00:00,False,287.58056640625
505,2020-05-22 01:00:00,False,287.56195746527777
506,2020-05-22 02:00:00,False,287.35194227430554
507,2020-05-22 03:00:00,False,286.72498914930554
508,2020-05-22 04:00:00,False,285.1936306423611
509,2020-05-22 05:00:00,False,285.37415907118054
510,2020-05-22 06:00:00,True,
511,2020-05-22 07:00:00,True,
512,2020-05-22 08:00:00,True,
513,2020-05-22 09:00:00,True,
514,2020-05-22 10:00:00,True,
515,2020-05-22 11:00:00,True,
516,2020-05-22 12:00:00,True,
517,2020-05-22 13:00:00,True,
518,2020-05-22 14:00:00,True,
519,2020-05-22 15:00:00,True,
520,2020-05-22 16:00:00,True,
521,2020-05-22 17:00:00,True,
522,2020-05-22 18:00:00,True,
523,2020-05-22 19:00:00,True,
524,2020-05-22 20:00:00,True,
525,2020-05-22 21:00:00,True,
526,2020-05-22 22:00:00,True,
527,2020-05-22 23:00:00,False,288.755517578125
528,2020-05-23 00:00:00,True,
529,2020-05-23 01:00:00,True,
530,2020-05-23 02:00:00,True,
531,2020-05-23 03:00:00,True,
532,2020-05-23 04:00:00,True,
533,2020-05-23 05:00:00,True,
534,2020-05-23 06:00:00,True,
535,2020-05-23 07:00:00,True,
536,2020-05-23 08:00:00,True,
537,2020-05-23 09:00:00,False,282.3912658691406
538,2020-05-23 10:00:00,False,285.91943359375
539,2020-05-23 11:00:00,True,
540,2020-05-23 12:00:00,True,
541,2020-05-23 13:00:00,False,291.6272243923611
542,2020-05-23 14:00:00,False,296.8293762207031
543,2020-05-23 15:00:00,False,301.8512268066406
544,2020-05-23 16:00:00,False,305.8203938802083
545,2020-05-23 17:00:00,False,307.310009765625
546,2020-05-23 18:00:00,False,304.7040283203125
547,2020-05-23 19:00:00,False,301.6203308105469
548,2020-05-23 20:00:00,False,300.256005859375
549,2020-05-23 21:00:00,True,
550,2020-05-23 22:00:00,True,
551,2020-05-23 23:00:00,False,290.77332899305554
552,2020-05-24 00:00:00,False,290.09581163194446
553,2020-05-24 01:00:00,False,288.6530490451389
554,2020-05-24 02:00:00,True,
555,2020-05-24 03:00:00,True,
556,2020-05-24 04:00:00,True,
557,2020-05-24 05:00:00,True,
558,2020-05-24 06:00:00,True,
559,2020-05-24 07:00:00,True,
560,2020-05-24 08:00:00,True,
561,2020-05-24 09:00:00,True,
562,2020-05-24 10:00:00,True,
563,2020-05-24 11:00:00,False,284.1272243923611
564,2020-05-24 12:00:00,False,287.99167887369794
565,2020-05-24 13:00:00,True,
566,2020-05-24 14:00:00,True,
567,2020-05-24 15:00:00,True,
568,2020-05-24 16:00:00,True,
569,2020-05-24 17:00:00,True,
570,2020-05-24 18:00:00,True,
571,2020-05-24 19:00:00,True,
572,2020-05-24 20:00:00,True,
573,2020-05-24 21:00:00,True,
574,2020-05-24 22:00:00,True,
575,2020-05-24 23:00:00,True,
576,2020-05-25 00:00:00,True,
577,2020-05-25 01:00:00,True,
578,2020-05-25 02:00:00,True,
579,2020-05-25 03:00:00,False,283.93914794921875
580,2020-05-25 04:00:00,True,
581,2020-05-25 05:00:00,False,281.9525146484375
582,2020-05-25 06:00:00,False,287.25
583,2020-05-25 07:00:00,False,284.63026258680554
584,2020-05-25 08:00:00,True,
585,2020-05-25 09:00:00,True,
586,2020-05-25 10:00:00,True,
587,2020-05-25 11:00:00,True,
588,2020-05-25 12:00:00,True,
589,2020-05-25 13:00:00,True,
590,2020-05-25 14:00:00,True,
591,2020-05-25 15:00:00,True,
592,2020-05-25 16:00:00,True,
593,2020-05-25 17:00:00,True,
594,2020-05-25 18:00:00,True,
595,2020-05-25 19:00:00,True,
596,2020-05-25 20:00:00,True,
597,2020-05-25 21:00:00,True,
598,2020-05-25 22:00:00,True,
599,2020-05-25 23:00:00,True,
600,2020-05-26 00:00:00,True,
601,2020-05-26 01:00:00,True,
602,2020-05-26 02:00:00,False,283.0999755859375
603,2020-05-26 03:00:00,False,285.79999457465277
604,2020-05-26 04:00:00,False,287.14198133680554
605,2020-05-26 05:00:00,False,286.3119303385417
606,2020-05-26 06:00:00,False,285.5804931640625
607,2020-05-26 07:00:00,False,286.4765625
608,2020-05-26 08:00:00,False,287.00751410590277
609,2020-05-26 09:00:00,False,286.1994357638889
610,2020-05-26 10:00:00,False,286.14373779296875
611,2020-05-26 11:00:00,False,288.006005859375
612,2020-05-26 12:00:00,True,
613,2020-05-26 13:00:00,True,
614,2020-05-26 14:00:00,True,
615,2020-05-26 15:00:00,True,
616,2020-05-26 16:00:00,True,
617,2020-05-26 17:00:00,True,
618,2020-05-26 18:00:00,True,
619,2020-05-26 19:00:00,True,
620,2020-05-26 20:00:00,True,
621,2020-05-26 21:00:00,True,
622,2020-05-26 22:00:00,True,
623,2020-05-26 23:00:00,True,
624,2020-05-27 00:00:00,True,
625,2020-05-27 01:00:00,True,
626,2020-05-27 02:00:00,True,
627,2020-05-27 03:00:00,True,
628,2020-05-27 04:00:00,True,
629,2020-05-27 05:00:00,True,
630,2020-05-27 06:00:00,True,
631,2020-05-27 07:00:00,True,
632,2020-05-27 08:00:00,True,
633,2020-05-27 09:00:00,True,
634,2020-05-27 10:00:00,True,
635,2020-05-27 11:00:00,True,
636,2020-05-27 12:00:00,True,
637,2020-05-27 13:00:00,True,
638,2020-05-27 14:00:00,True,
639,2020-05-27 15:00:00,True,
640,2020-05-27 16:00:00,True,
641,2020-05-27 17:00:00,True,
642,2020-05-27 18:00:00,True,
643,2020-05-27 19:00:00,True,
644,2020-05-27 20:00:00,True,
645,2020-05-27 21:00:00,True,
646,2020-05-27 22:00:00,True,
647,2020-05-27 23:00:00,True,
648,2020-05-28 00:00:00,True,
649,2020-05-28 01:00:00,True,
650,2020-05-28 02:00:00,True,
651,2020-05-28 03:00:00,True,
652,2020-05-28 04:00:00,True,
653,2020-05-28 05:00:00,True,
654,2020-05-28 06:00:00,True,
655,2020-05-28 07:00:00,True,
656,2020-05-28 08:00:00,True,
657,2020-05-28 09:00:00,True,
658,2020-05-28 10:00:00,True,
659,2020-05-28 11:00:00,True,
660,2020-05-28 12:00:00,True,
661,2020-05-28 13:00:00,True,
662,2020-05-28 14:00:00,True,
663,2020-05-28 15:00:00,True,
664,2020-05-28 16:00:00,True,
665,2020-05-28 17:00:00,True,
666,2020-05-28 18:00:00,True,
667,2020-05-28 19:00:00,True,
668,2020-05-28 20:00:00,True,
669,2020-05-28 21:00:00,True,
670,2020-05-28 22:00:00,True,
671,2020-05-28 23:00:00,True,
672,2020-05-29 00:00:00,True,
673,2020-05-29 01:00:00,True,
674,2020-05-29 02:00:00,True,
675,2020-05-29 03:00:00,True,
676,2020-05-29 04:00:00,True,
677,2020-05-29 05:00:00,True,
678,2020-05-29 06:00:00,True,
679,2020-05-29 07:00:00,True,
680,2020-05-29 08:00:00,True,
681,2020-05-29 09:00:00,True,
682,2020-05-29 10:00:00,True,
683,2020-05-29 11:00:00,True,
684,2020-05-29 12:00:00,True,
685,2020-05-29 13:00:00,True,
686,2020-05-29 14:00:00,True,
687,2020-05-29 15:00:00,False,295.79893275669644
688,2020-05-29 16:00:00,False,296.1380126953125
689,2020-05-29 17:00:00,True,
690,2020-05-29 18:00:00,True,
691,2020-05-29 19:00:00,True,
692,2020-05-29 20:00:00,True,
693,2020-05-29 21:00:00,True,
694,2020-05-29 22:00:00,True,
695,2020-05-29 23:00:00,True,
696,2020-05-30 00:00:00,True,
697,2020-05-30 01:00:00,True,
698,2020-05-30 02:00:00,True,
699,2020-05-30 03:00:00,True,
700,2020-05-30 04:00:00,True,
701,2020-05-30 05:00:00,True,
702,2020-05-30 06:00:00,True,
703,2020-05-30 07:00:00,True,
704,2020-05-30 08:00:00,True,
705,2020-05-30 09:00:00,True,
706,2020-05-30 10:00:00,True,
707,2020-05-30 11:00:00,True,
708,2020-05-30 12:00:00,True,
709,2020-05-30 13:00:00,True,
710,2020-05-30 14:00:00,True,
711,2020-05-30 15:00:00,True,
712,2020-05-30 16:00:00,True,
713,2020-05-30 17:00:00,True,
714,2020-05-30 18:00:00,True,
715,2020-05-30 19:00:00,True,
716,2020-05-30 20:00:00,True,
717,2020-05-30 21:00:00,True,
718,2020-05-30 22:00:00,True,
719,2020-05-30 23:00:00,True,
720,2020-05-31 00:00:00,True,
721,2020-05-31 01:00:00,True,
722,2020-05-31 02:00:00,True,
723,2020-05-31 03:00:00,True,
724,2020-05-31 04:00:00,True,
725,2020-05-31 05:00:00,True,
726,2020-05-31 06:00:00,True,
727,2020-05-31 07:00:00,True,
728,2020-05-31 08:00:00,True,
729,2020-05-31 09:00:00,False,275.88701171875
730,2020-05-31 10:00:00,False,277.93251953125
731,2020-05-31 11:00:00,True,
732,2020-05-31 12:00:00,True,
733,2020-05-31 13:00:00,True,
734,2020-05-31 14:00:00,True,
735,2020-05-31 15:00:00,True,
736,2020-05-31 16:00:00,True,
737,2020-05-31 17:00:00,True,
738,2020-05-31 18:00:00,True,
739,2020-05-31 19:00:00,True,
740,2020-05-31 20:00:00,True,
741,2020-05-31 21:00:00,True,
742,2020-05-31 22:00:00,True,
743,2020-05-31 23:00:00,False,282.57099609375
